Facility_ID,Facility_Name,Facility_Name_HI,Facility_Type,Block,Category,HFR_ID,Latitude,Longitude,Coord_Status,Google_Maps_URL,Emergency_24x7,Operating_Hours,Bed_Count,Incharge_Designation,Incharge_Name,Contact_Phone,Key_Services,Address_Details,Drug_Stock_URL,Status,Display_Order
FAC001,District Hospital Sheikhpura,,DH,Sheikhpura,24x7,IN1010000318,25.138342,85.841429,ok,https://maps.app.goo.gl/xf3mWXx1dRhVAtma6,Yes,24x7 Emergency & Delivery,100,Civil Surgeon / Superintendent,,,"24x7 Emergency, IPD, OPD, ICU, SNCU, Dialysis, CT Scan, X-Ray, Ultrasound, Pathology, Blood Bank, Free Medicines, Ayushman Bharat","Sheikhpura, Sheikhpura",https://dwhbihar.dcservices.in/eAushadhi_BIHAR/rest/qrdata/99900134/0/0,Active,1
FAC002,CHC Ariari Sheikhpura,,CHC,Ariyari,24x7,IN1010000337,25.072470,85.852920,ok,https://maps.app.goo.gl/f5Msg5fW5sd8P89D6,Yes,24x7 Emergency & Delivery,30,Medical Officer In-Charge (MOIC),,,"24x7 Delivery, Emergency, General OPD, Minor OT, Pathology Lab, Immunization, Free Medicines, X-Ray","Ariyari, Sheikhpura",https://dwhbihar.dcservices.in/eAushadhi_BIHAR/rest/qrdata/99900671/0/0,Active,2
FAC003,CHC Barbigha Sheikhpura,,CHC,Barbigha,24x7,IN1010000296,25.216002,85.737815,ok,https://maps.app.goo.gl/g5XHz2A7c78nDdwq7,Yes,24x7 Emergency & Delivery,30,Medical Officer In-Charge (MOIC),,,"24x7 Delivery, Emergency, General OPD, Minor OT, Pathology Lab, Immunization, Free Medicines, X-Ray","Barbigha, Sheikhpura",https://dwhbihar.dcservices.in/eAushadhi_BIHAR/rest/qrdata/99901070/0/0,Active,3
FAC004,CHC Chewara Sheikhpura,,CHC,Chewara,24x7,IN1010000310,25.074390,85.929550,ok,https://maps.app.goo.gl/9u9KT5Nu4hzikTjv7,Yes,24x7 Emergency & Delivery,30,Medical Officer In-Charge (MOIC),,,"24x7 Delivery, Emergency, General OPD, Minor OT, Pathology Lab, Immunization, Free Medicines, X-Ray","Chewara, Sheikhpura",https://dwhbihar.dcservices.in/eAushadhi_BIHAR/rest/qrdata/99900674/0/0,Active,4
FAC005,CHC Ghat Kusmha Sheikhpura,,CHC,Ghatkusumbha,24x7,IN1010000345,25.212650,85.930760,ok,https://maps.app.goo.gl/oFu1YdfjMdafKvgi7,Yes,24x7 Emergency & Delivery,30,Medical Officer In-Charge (MOIC),,,"24x7 Delivery, Emergency, General OPD, Minor OT, Pathology Lab, Immunization, Free Medicines, X-Ray","Ghatkusumbha, Sheikhpura",https://dwhbihar.dcservices.in/eAushadhi_BIHAR/rest/qrdata/99900675/0/0,Active,5
FAC006,PHC Sheikhpura Sadar,,PHC,Sheikhpura,,IN1010000280,25.137528,85.863945,ok,https://maps.app.goo.gl/vGAHKhEMa1dvuRnt6,No,9:00 AM - 5:00 PM,6,Medical Officer In-Charge (MOIC),,,"OPD, Normal Delivery, Immunization, NCD Screening, Free Medicines, Lab Tests, ANC","Sheikhpura, Sheikhpura",,Active,6
FAC007,PHC Shekhopur Sarai Sheikhpura,,PHC,Shekhopur Sarai,24x7,IN1010000304,25.113180,85.682710,ok,https://maps.app.goo.gl/cqUpv1J3fD8LCofR6,Yes,24x7 Emergency & Delivery,6,Medical Officer In-Charge (MOIC),,,"OPD, Normal Delivery, Immunization, NCD Screening, Free Medicines, Lab Tests, ANC","Shekhopur Sarai, Sheikhpura",,Active,7
FAC008,APHC Biman Sheikhpura,,APHC,Ariyari,HWC,IN1010002894,25.052110,85.830130,ok,"https://www.google.com/maps/search/?api=1&query=25.05211,85.83013",No,9:00 AM - 5:00 PM,4,Medical Officer (MO),,,"Primary OPD, NCD Screening, Free Medicines, Immunization, Maternal Care","Ariyari, Sheikhpura",,Active,8
FAC009,APHC Sasbahna,,APHC,Ariyari,HWC,IN1010003470,25.141790,85.835470,ok,"https://www.google.com/maps/search/?api=1&query=25.14179,85.83547",No,9:00 AM - 5:00 PM,4,Medical Officer (MO),,,"Primary OPD, NCD Screening, Free Medicines, Immunization, Maternal Care","Ariyari, Sheikhpura",,Active,9
FAC010,HWC Kasar,,APHC,Ariyari,HWC,IN1010002893,25.048590,85.802050,ok,"https://www.google.com/maps/search/?api=1&query=25.04859,85.80205",No,9:00 AM - 5:00 PM,4,Medical Officer (MO),,,"Primary OPD, NCD Screening, Free Medicines, Immunization, Maternal Care","Ariyari, Sheikhpura",,Active,10
FAC011,APHC Maldah Sheikhpura,,APHC,Barbigha,HWC,IN1010003605,25.173170,85.753300,ok,"https://www.google.com/maps/search/?api=1&query=25.17317,85.7533",No,9:00 AM - 5:00 PM,4,Medical Officer (MO),,,"Primary OPD, NCD Screening, Free Medicines, Immunization, Maternal Care","Barbigha, Sheikhpura",,Active,11
FAC012,APHC Andouli,,APHC,Chewara,HWC,IN1010003224,25.088020,85.906570,ok,"https://www.google.com/maps/search/?api=1&query=25.08802,85.90657",No,9:00 AM - 5:00 PM,4,Medical Officer (MO),,,"Primary OPD, NCD Screening, Free Medicines, Immunization, Maternal Care","Chewara, Sheikhpura",,Active,12
FAC013,APHC Ashtawa Sheikhpura,,APHC,Chewara,HWC,IN1010002664,25.053060,85.963550,ok,"https://www.google.com/maps/search/?api=1&query=25.05306,85.96355",No,9:00 AM - 5:00 PM,4,Medical Officer (MO),,,"Primary OPD, NCD Screening, Free Medicines, Immunization, Maternal Care","Chewara, Sheikhpura",,Active,13
FAC014,APHC EKARHA,,APHC,Chewara,,IN1010004348,25.051340,85.896270,ok,"https://www.google.com/maps/search/?api=1&query=25.05134,85.89627",No,9:00 AM - 5:00 PM,4,Medical Officer (MO),,,"Primary OPD, NCD Screening, Free Medicines, Immunization, Maternal Care","Chewara, Sheikhpura",,Active,14
FAC015,APHC KAPASI,,APHC,Chewara,,IN1010003234,25.030580,85.923230,ok,"https://www.google.com/maps/search/?api=1&query=25.03058,85.92323",No,9:00 AM - 5:00 PM,4,Medical Officer (MO),,,"Primary OPD, NCD Screening, Free Medicines, Immunization, Maternal Care","Chewara, Sheikhpura",,Active,15
FAC016,APHC Lohan Sheikhpura,,APHC,Chewara,HWC,IN1010003231,25.015260,85.875260,ok,"https://www.google.com/maps/search/?api=1&query=25.01526,85.87526",No,9:00 AM - 5:00 PM,4,Medical Officer (MO),,,"Primary OPD, NCD Screening, Free Medicines, Immunization, Maternal Care","Chewara, Sheikhpura",,Active,16
FAC017,HWC Bhadaus Sheikhpura,,APHC,Ghatkusumbha,HWC,IN1010002447,25.159270,85.934390,ok,"https://www.google.com/maps/search/?api=1&query=25.15927,85.93439",No,9:00 AM - 5:00 PM,4,Medical Officer (MO),,,"Primary OPD, NCD Screening, Free Medicines, Immunization, Maternal Care","Ghatkusumbha, Sheikhpura",,Active,17
FAC018,APHC Berma Sheikhpura,,APHC,Sheikhpura,HWC,IN1010001474,25.120160,85.937620,ok,"https://www.google.com/maps/search/?api=1&query=25.12016,85.93762",No,9:00 AM - 5:00 PM,4,Medical Officer (MO),,,"Primary OPD, NCD Screening, Free Medicines, Immunization, Maternal Care","Sheikhpura, Sheikhpura",,Active,18
FAC019,APHC Gagri Sheikhpura,,APHC,Sheikhpura,HWC,IN1010001502,25.110060,85.933720,ok,"https://www.google.com/maps/search/?api=1&query=25.11006,85.93372",No,9:00 AM - 5:00 PM,4,Medical Officer (MO),,,"Primary OPD, NCD Screening, Free Medicines, Immunization, Maternal Care","Sheikhpura, Sheikhpura",,Active,19
FAC020,APHC Hathiyawa Sheikhpura,,APHC,Sheikhpura,HWC,IN1010001613,25.151680,85.824300,ok,"https://www.google.com/maps/search/?api=1&query=25.15168,85.8243",No,9:00 AM - 5:00 PM,4,Medical Officer (MO),,,"Primary OPD, NCD Screening, Free Medicines, Immunization, Maternal Care","Sheikhpura, Sheikhpura",,Active,20
FAC021,APHC Katari Sheikhpura,,APHC,Sheikhpura,HWC,IN1010002180,25.168180,85.867890,ok,"https://www.google.com/maps/search/?api=1&query=25.16818,85.86789",No,9:00 AM - 5:00 PM,4,Medical Officer (MO),,,"Primary OPD, NCD Screening, Free Medicines, Immunization, Maternal Care","Sheikhpura, Sheikhpura",,Active,21
FAC022,APHC Mehus Sheikhpura,,APHC,Sheikhpura,HWC,IN1010001416,25.209040,85.832350,ok,"https://www.google.com/maps/search/?api=1&query=25.20904,85.83235",No,9:00 AM - 5:00 PM,4,Medical Officer (MO),,,"Primary OPD, NCD Screening, Free Medicines, Immunization, Maternal Care","Sheikhpura, Sheikhpura",,Active,22
FAC023,Ayushman Arogya Mandir Afani,,HSC,Ariyari,HWC,IN1010003822,25.068810,85.779800,ok,"https://www.google.com/maps/search/?api=1&query=25.06881,85.7798",No,9:00 AM - 5:00 PM,0,Community Health Officer (CHO) / ANM,,,"Primary Care, Tele-consultation (e-Sanjeevani), NCD Screening, Immunization, Free Medicines, Wellness Yoga","Ariyari, Sheikhpura",,Active,23
FAC024,Ayushman Arogya Mandir Baruna,,HSC,Ariyari,HWC,IN1010003834,,,missing,,No,9:00 AM - 5:00 PM,0,Community Health Officer (CHO) / ANM,,,"Primary Care, Tele-consultation (e-Sanjeevani), NCD Screening, Immunization, Free Medicines, Wellness Yoga","Ariyari, Sheikhpura",,Active,24
FAC025,Ayushman Arogya Mandir Afardih,,HSC,Ariyari,HWC,IN1010003838,25.040630,85.829820,ok,"https://www.google.com/maps/search/?api=1&query=25.04063,85.82982",No,9:00 AM - 5:00 PM,0,Community Health Officer (CHO) / ANM,,,"Primary Care, Tele-consultation (e-Sanjeevani), NCD Screening, Immunization, Free Medicines, Wellness Yoga","Ariyari, Sheikhpura",,Active,25
FAC026,Ayushman Arogya Mandir Belchhi,,HSC,Ariyari,HWC,IN1010002907,25.095340,85.838040,ok,"https://www.google.com/maps/search/?api=1&query=25.09534,85.83804",No,9:00 AM - 5:00 PM,0,Community Health Officer (CHO) / ANM,,,"Primary Care, Tele-consultation (e-Sanjeevani), NCD Screening, Immunization, Free Medicines, Wellness Yoga","Ariyari, Sheikhpura",,Active,26
FAC027,Ayushman Arogya Mandir Belhari,,HSC,Ariyari,HWC,IN1010003814,25.020050,85.830440,ok,"https://www.google.com/maps/search/?api=1&query=25.02005,85.83044",No,9:00 AM - 5:00 PM,0,Community Health Officer (CHO) / ANM,,,"Primary Care, Tele-consultation (e-Sanjeevani), NCD Screening, Immunization, Free Medicines, Wellness Yoga","Ariyari, Sheikhpura",,Active,27
FAC028,Ayushman Arogya Mandir Bhojdih,,HSC,Ariyari,HWC,IN1010004188,25.113860,85.808970,ok,"https://www.google.com/maps/search/?api=1&query=25.11386,85.80897",No,9:00 AM - 5:00 PM,0,Community Health Officer (CHO) / ANM,,,"Primary Care, Tele-consultation (e-Sanjeevani), NCD Screening, Immunization, Free Medicines, Wellness Yoga","Ariyari, Sheikhpura",,Active,28
FAC029,Ayushman Arogya Mandir Chorbar,,HSC,Ariyari,HWC,IN1010002910,25.114000,85.836400,ok,"https://www.google.com/maps/search/?api=1&query=25.114,85.8364",No,9:00 AM - 5:00 PM,0,Community Health Officer (CHO) / ANM,,,"Primary Care, Tele-consultation (e-Sanjeevani), NCD Screening, Immunization, Free Medicines, Wellness Yoga","Ariyari, Sheikhpura",,Active,29
FAC030,Ayushman Arogya Mandir Chourdargah,,HSC,Ariyari,HWC,IN1010002908,25.008450,85.840590,ok,"https://www.google.com/maps/search/?api=1&query=25.00845,85.84059",No,9:00 AM - 5:00 PM,0,Community Health Officer (CHO) / ANM,,,"Primary Care, Tele-consultation (e-Sanjeevani), NCD Screening, Immunization, Free Medicines, Wellness Yoga","Ariyari, Sheikhpura",,Active,30
FAC031,Ayushman Arogya Mandir Diha,,HSC,Ariyari,HWC,IN1010004214,25.071370,85.864080,ok,"https://www.google.com/maps/search/?api=1&query=25.07137,85.86408",No,9:00 AM - 5:00 PM,0,Community Health Officer (CHO) / ANM,,,"Primary Care, Tele-consultation (e-Sanjeevani), NCD Screening, Immunization, Free Medicines, Wellness Yoga","Ariyari, Sheikhpura",,Active,31
FAC032,Ayushman Arogya Mandir Ekraay,,HSC,Ariyari,HWC,IN1010004229,,,missing,,No,9:00 AM - 5:00 PM,0,Community Health Officer (CHO) / ANM,,,"Primary Care, Tele-consultation (e-Sanjeevani), NCD Screening, Immunization, Free Medicines, Wellness Yoga","Ariyari, Sheikhpura",,Active,32
FAC033,Ayushman Arogya Mandir Ghuskhuri,,HSC,Ariyari,HWC,IN1010003824,25.123500,85.845470,ok,"https://www.google.com/maps/search/?api=1&query=25.1235,85.84547",No,9:00 AM - 5:00 PM,0,Community Health Officer (CHO) / ANM,,,"Primary Care, Tele-consultation (e-Sanjeevani), NCD Screening, Immunization, Free Medicines, Wellness Yoga","Ariyari, Sheikhpura",,Active,33
FAC034,Ayushman Arogya Mandir Hazaratpur Madaro,,HSC,Ariyari,HWC,IN1010003816,25.030630,85.839820,ok,"https://www.google.com/maps/search/?api=1&query=25.03063,85.83982",No,9:00 AM - 5:00 PM,0,Community Health Officer (CHO) / ANM,,,"Primary Care, Tele-consultation (e-Sanjeevani), NCD Screening, Immunization, Free Medicines, Wellness Yoga","Ariyari, Sheikhpura",,Active,34
FAC035,Ayushman Arogya Mandir Husheinabad,,HSC,Ariyari,HWC,IN1010002676,25.101740,85.857390,ok,"https://www.google.com/maps/search/?api=1&query=25.10174,85.85739",No,9:00 AM - 5:00 PM,0,Community Health Officer (CHO) / ANM,,,"Primary Care, Tele-consultation (e-Sanjeevani), NCD Screening, Immunization, Free Medicines, Wellness Yoga","Ariyari, Sheikhpura",,Active,35
FAC036,Ayushman Arogya Mandir Karki,,HSC,Ariyari,HWC,IN1010002899,25.126540,85.837450,ok,"https://www.google.com/maps/search/?api=1&query=25.12654,85.83745",No,9:00 AM - 5:00 PM,0,Community Health Officer (CHO) / ANM,,,"Primary Care, Tele-consultation (e-Sanjeevani), NCD Screening, Immunization, Free Medicines, Wellness Yoga","Ariyari, Sheikhpura",,Active,36
FAC037,Ayushman Arogya Mandir MASAURHA,,HSC,Ariyari,HWC,IN1010030253,,,missing,,No,9:00 AM - 5:00 PM,0,Community Health Officer (CHO) / ANM,,,"Primary Care, Tele-consultation (e-Sanjeevani), NCD Screening, Immunization, Free Medicines, Wellness Yoga","Ariyari, Sheikhpura",,Active,37
FAC038,Ayushman Arogya Mandir Sanaiya,,HSC,Ariyari,HWC,IN1010003810,25.050640,85.819820,ok,"https://www.google.com/maps/search/?api=1&query=25.05064,85.81982",No,9:00 AM - 5:00 PM,0,Community Health Officer (CHO) / ANM,,,"Primary Care, Tele-consultation (e-Sanjeevani), NCD Screening, Immunization, Free Medicines, Wellness Yoga","Ariyari, Sheikhpura",,Active,38
FAC039,Ayushman Arogya Mandir Sohadi,,HSC,Ariyari,HWC,IN1010004196,25.020850,85.861070,ok,"https://www.google.com/maps/search/?api=1&query=25.02085,85.86107",No,9:00 AM - 5:00 PM,0,Community Health Officer (CHO) / ANM,,,"Primary Care, Tele-consultation (e-Sanjeevani), NCD Screening, Immunization, Free Medicines, Wellness Yoga","Ariyari, Sheikhpura",,Active,39
FAC040,Ayushman Arogya Mandir Varsha,,HSC,Ariyari,HWC,IN1010004244,25.113220,85.834670,ok,"https://www.google.com/maps/search/?api=1&query=25.11322,85.83467",No,9:00 AM - 5:00 PM,0,Community Health Officer (CHO) / ANM,,,"Primary Care, Tele-consultation (e-Sanjeevani), NCD Screening, Immunization, Free Medicines, Wellness Yoga","Ariyari, Sheikhpura",,Active,40
FAC041,Ayushman Arogya Mandir Vrindawan,,HSC,Ariyari,HWC,IN1010002902,25.066600,85.810710,ok,"https://www.google.com/maps/search/?api=1&query=25.0666,85.81071",No,9:00 AM - 5:00 PM,0,Community Health Officer (CHO) / ANM,,,"Primary Care, Tele-consultation (e-Sanjeevani), NCD Screening, Immunization, Free Medicines, Wellness Yoga","Ariyari, Sheikhpura",,Active,41
FAC042,Ayushman Arogya Mandir Babhan Bigha,,HSC,Barbigha,UHWC,IN1010004944,25.197740,85.739660,ok,"https://www.google.com/maps/search/?api=1&query=25.19774,85.73966",No,9:00 AM - 5:00 PM,0,Community Health Officer (CHO) / ANM,,,"Primary Care, Tele-consultation (e-Sanjeevani), NCD Screening, Immunization, Free Medicines, Wellness Yoga","Barbigha, Sheikhpura",,Active,42
FAC043,Ayushman Arogya Mandir KUSEDHI,,HSC,Barbigha,HWC,IN1010003640,25.214140,85.800990,ok,"https://www.google.com/maps/search/?api=1&query=25.21414,85.80099",No,9:00 AM - 5:00 PM,0,Community Health Officer (CHO) / ANM,,,"Primary Care, Tele-consultation (e-Sanjeevani), NCD Screening, Immunization, Free Medicines, Wellness Yoga","Barbigha, Sheikhpura",,Active,43
FAC044,Ayushman Arogya Mandir NAGDIH,,HSC,Barbigha,HWC,IN1010005453,25.210880,85.754430,ok,"https://www.google.com/maps/search/?api=1&query=25.21088,85.75443",No,9:00 AM - 5:00 PM,0,Community Health Officer (CHO) / ANM,,,"Primary Care, Tele-consultation (e-Sanjeevani), NCD Screening, Immunization, Free Medicines, Wellness Yoga","Barbigha, Sheikhpura",,Active,44
FAC045,Ayushman Arogya Mandir NARSINGHPUR,,HSC,Barbigha,HWC,IN1010005456,25.253640,85.754440,ok,"https://www.google.com/maps/search/?api=1&query=25.25364,85.75444",No,9:00 AM - 5:00 PM,0,Community Health Officer (CHO) / ANM,,,"Primary Care, Tele-consultation (e-Sanjeevani), NCD Screening, Immunization, Free Medicines, Wellness Yoga","Barbigha, Sheikhpura",,Active,45
FAC046,Ayushman Arogya Mandir PINJRI,,HSC,Barbigha,HWC,IN1010004496,25.193500,85.790210,ok,"https://www.google.com/maps/search/?api=1&query=25.1935,85.79021",No,9:00 AM - 5:00 PM,0,Community Health Officer (CHO) / ANM,,,"Primary Care, Tele-consultation (e-Sanjeevani), NCD Screening, Immunization, Free Medicines, Wellness Yoga","Barbigha, Sheikhpura",,Active,46
FAC047,Ayushman Arogya Mandir RAMJANPUR,,HSC,Barbigha,HWC,IN1010005285,25.178560,85.697720,ok,"https://www.google.com/maps/search/?api=1&query=25.17856,85.69772",No,9:00 AM - 5:00 PM,0,Community Health Officer (CHO) / ANM,,,"Primary Care, Tele-consultation (e-Sanjeevani), NCD Screening, Immunization, Free Medicines, Wellness Yoga","Barbigha, Sheikhpura",,Active,47
FAC048,Ayushman Arogya Mandir SAMAS,,HSC,Barbigha,HWC,IN1010005310,25.173330,85.717640,ok,"https://www.google.com/maps/search/?api=1&query=25.17333,85.71764",No,9:00 AM - 5:00 PM,0,Community Health Officer (CHO) / ANM,,,"Primary Care, Tele-consultation (e-Sanjeevani), NCD Screening, Immunization, Free Medicines, Wellness Yoga","Barbigha, Sheikhpura",,Active,48
FAC049,Ayushman Arogya Mandir SARWA,,HSC,Barbigha,HWC,IN1010005447,25.185730,85.757910,ok,"https://www.google.com/maps/search/?api=1&query=25.18573,85.75791",No,9:00 AM - 5:00 PM,0,Community Health Officer (CHO) / ANM,,,"Primary Care, Tele-consultation (e-Sanjeevani), NCD Screening, Immunization, Free Medicines, Wellness Yoga","Barbigha, Sheikhpura",,Active,49
FAC050,Ayushman Arogya Mandir TEUS,,HSC,Barbigha,HWC,IN1010005321,25.252310,85.717550,ok,"https://www.google.com/maps/search/?api=1&query=25.25231,85.71755",No,9:00 AM - 5:00 PM,0,Community Health Officer (CHO) / ANM,,,"Primary Care, Tele-consultation (e-Sanjeevani), NCD Screening, Immunization, Free Medicines, Wellness Yoga","Barbigha, Sheikhpura",,Active,50
FAC051,Ayushman Arogya Mandir UKHADI,,HSC,Barbigha,HWC,IN1010004928,25.238720,85.723070,ok,"https://www.google.com/maps/search/?api=1&query=25.23872,85.72307",No,9:00 AM - 5:00 PM,0,Community Health Officer (CHO) / ANM,,,"Primary Care, Tele-consultation (e-Sanjeevani), NCD Screening, Immunization, Free Medicines, Wellness Yoga","Barbigha, Sheikhpura",,Active,51
FAC052,Ayushman Arogya Mandir BABHNIMA,,HSC,Barbigha,HWC,IN1010005458,25.230670,85.754790,ok,"https://www.google.com/maps/search/?api=1&query=25.23067,85.75479",No,9:00 AM - 5:00 PM,0,Community Health Officer (CHO) / ANM,,,"Primary Care, Tele-consultation (e-Sanjeevani), NCD Screening, Immunization, Free Medicines, Wellness Yoga","Barbigha, Sheikhpura",,Active,52
FAC053,Ayushman Arogya Mandir DIH,,HSC,Barbigha,HWC,IN1010005444,25.236160,85.758020,ok,"https://www.google.com/maps/search/?api=1&query=25.23616,85.75802",No,9:00 AM - 5:00 PM,0,Community Health Officer (CHO) / ANM,,,"Primary Care, Tele-consultation (e-Sanjeevani), NCD Screening, Immunization, Free Medicines, Wellness Yoga","Barbigha, Sheikhpura",,Active,53
FAC054,Ayushman Arogya Mandir Delhwa,,HSC,Barbigha,HWC,IN1010005297,25.221620,85.776040,ok,"https://www.google.com/maps/search/?api=1&query=25.22162,85.77604",No,9:00 AM - 5:00 PM,0,Community Health Officer (CHO) / ANM,,,"Primary Care, Tele-consultation (e-Sanjeevani), NCD Screening, Immunization, Free Medicines, Wellness Yoga","Barbigha, Sheikhpura",,Active,54
FAC055,Ayushman Arogya Mandir KASHIBIGHA,,HSC,Barbigha,HWC,IN1010005452,25.262580,85.707490,ok,"https://www.google.com/maps/search/?api=1&query=25.26258,85.70749",No,9:00 AM - 5:00 PM,0,Community Health Officer (CHO) / ANM,,,"Primary Care, Tele-consultation (e-Sanjeevani), NCD Screening, Immunization, Free Medicines, Wellness Yoga","Barbigha, Sheikhpura",,Active,55
FAC056,Ayushman Arogya Mandir KUTHAUTH,,HSC,Barbigha,HWC,IN1010005446,25.212500,85.780250,ok,"https://www.google.com/maps/search/?api=1&query=25.2125,85.78025",No,9:00 AM - 5:00 PM,0,Community Health Officer (CHO) / ANM,,,"Primary Care, Tele-consultation (e-Sanjeevani), NCD Screening, Immunization, Free Medicines, Wellness Yoga","Barbigha, Sheikhpura",,Active,56
FAC057,Ayushman Arogya Mandir MALDAH,,HSC,Barbigha,,IN1010005449,25.172840,85.753330,ok,"https://www.google.com/maps/search/?api=1&query=25.17284,85.75333",No,9:00 AM - 5:00 PM,0,Community Health Officer (CHO) / ANM,,,"Primary Care, Tele-consultation (e-Sanjeevani), NCD Screening, Immunization, Free Medicines, Wellness Yoga","Barbigha, Sheikhpura",,Active,57
FAC058,Ayushman Arogya Mandir MIRZAPUR,,HSC,Barbigha,HWC,IN1010005451,25.194510,85.760580,ok,"https://www.google.com/maps/search/?api=1&query=25.19451,85.76058",No,9:00 AM - 5:00 PM,0,Community Health Officer (CHO) / ANM,,,"Primary Care, Tele-consultation (e-Sanjeevani), NCD Screening, Immunization, Free Medicines, Wellness Yoga","Barbigha, Sheikhpura",,Active,58
FAC059,Ayushman Arogya Mandir PAKPAR,,HSC,Barbigha,,IN1010005455,,,missing,,No,9:00 AM - 5:00 PM,0,Community Health Officer (CHO) / ANM,,,"Primary Care, Tele-consultation (e-Sanjeevani), NCD Screening, Immunization, Free Medicines, Wellness Yoga","Barbigha, Sheikhpura",,Active,59
FAC060,Ayushman Arogya Mandir TOY,,HSC,Barbigha,HWC,IN1010005440,25.244920,85.745920,ok,"https://www.google.com/maps/search/?api=1&query=25.24492,85.74592",No,9:00 AM - 5:00 PM,0,Community Health Officer (CHO) / ANM,,,"Primary Care, Tele-consultation (e-Sanjeevani), NCD Screening, Immunization, Free Medicines, Wellness Yoga","Barbigha, Sheikhpura",,Active,60
FAC061,Ayushman Arogya Mandir kazi fatuchak,,HSC,Barbigha,HWC,IN1010004903,25.247450,85.763930,ok,"https://www.google.com/maps/search/?api=1&query=25.24745,85.76393",No,9:00 AM - 5:00 PM,0,Community Health Officer (CHO) / ANM,,,"Primary Care, Tele-consultation (e-Sanjeevani), NCD Screening, Immunization, Free Medicines, Wellness Yoga","Barbigha, Sheikhpura",,Active,61
FAC062,Ayushman Arogya Mandir CHHATHIYARA,,HSC,Chewara,HWC,IN1010003805,25.030420,85.904160,ok,"https://www.google.com/maps/search/?api=1&query=25.03042,85.90416",No,9:00 AM - 5:00 PM,0,Community Health Officer (CHO) / ANM,,,"Primary Care, Tele-consultation (e-Sanjeevani), NCD Screening, Immunization, Free Medicines, Wellness Yoga","Chewara, Sheikhpura",,Active,62
FAC063,Ayushman Arogya Mandir Ekrama,,HSC,Chewara,HWC,IN1010004179,25.071930,85.900290,ok,"https://www.google.com/maps/search/?api=1&query=25.07193,85.90029",No,9:00 AM - 5:00 PM,0,Community Health Officer (CHO) / ANM,,,"Primary Care, Tele-consultation (e-Sanjeevani), NCD Screening, Immunization, Free Medicines, Wellness Yoga","Chewara, Sheikhpura",,Active,63
FAC064,Ayushman Arogya Mandir Gadua,,HSC,Chewara,HWC,IN1010003468,25.082680,85.892930,ok,"https://www.google.com/maps/search/?api=1&query=25.08268,85.89293",No,9:00 AM - 5:00 PM,0,Community Health Officer (CHO) / ANM,,,"Primary Care, Tele-consultation (e-Sanjeevani), NCD Screening, Immunization, Free Medicines, Wellness Yoga","Chewara, Sheikhpura",,Active,64
FAC065,Ayushman Arogya Mandir Kemra,,HSC,Chewara,HWC,IN1010003259,,,missing,,No,9:00 AM - 5:00 PM,0,Community Health Officer (CHO) / ANM,,,"Primary Care, Tele-consultation (e-Sanjeevani), NCD Screening, Immunization, Free Medicines, Wellness Yoga","Chewara, Sheikhpura",,Active,65
FAC066,Ayushman Arogya Mandir LUTAUT,,HSC,Chewara,HWC,IN1010003271,25.010150,85.896260,ok,"https://www.google.com/maps/search/?api=1&query=25.01015,85.89626",No,9:00 AM - 5:00 PM,0,Community Health Officer (CHO) / ANM,,,"Primary Care, Tele-consultation (e-Sanjeevani), NCD Screening, Immunization, Free Medicines, Wellness Yoga","Chewara, Sheikhpura",,Active,66
FAC067,Ayushman Arogya Mandir SIYANI,,HSC,Chewara,HWC,IN1010004181,25.001890,85.973180,ok,"https://www.google.com/maps/search/?api=1&query=25.00189,85.97318",No,9:00 AM - 5:00 PM,0,Community Health Officer (CHO) / ANM,,,"Primary Care, Tele-consultation (e-Sanjeevani), NCD Screening, Immunization, Free Medicines, Wellness Yoga","Chewara, Sheikhpura",,Active,67
FAC068,Ayushman Arogya Mandir Sijhouri,,HSC,Chewara,HWC,IN1010004663,25.055140,85.936850,ok,"https://www.google.com/maps/search/?api=1&query=25.05514,85.93685",No,9:00 AM - 5:00 PM,0,Community Health Officer (CHO) / ANM,,,"Primary Care, Tele-consultation (e-Sanjeevani), NCD Screening, Immunization, Free Medicines, Wellness Yoga","Chewara, Sheikhpura",,Active,68
FAC069,Ayushman Arogya Mandir Tiyay,,HSC,Chewara,HWC,IN1010004171,25.084930,85.957910,ok,"https://www.google.com/maps/search/?api=1&query=25.08493,85.95791",No,9:00 AM - 5:00 PM,0,Community Health Officer (CHO) / ANM,,,"Primary Care, Tele-consultation (e-Sanjeevani), NCD Screening, Immunization, Free Medicines, Wellness Yoga","Chewara, Sheikhpura",,Active,69
FAC070,Ayushman Arogya Mandir Chakandara,,HSC,Chewara,HWC,IN1010003243,25.098450,85.890440,ok,"https://www.google.com/maps/search/?api=1&query=25.09845,85.89044",No,9:00 AM - 5:00 PM,0,Community Health Officer (CHO) / ANM,,,"Primary Care, Tele-consultation (e-Sanjeevani), NCD Screening, Immunization, Free Medicines, Wellness Yoga","Chewara, Sheikhpura",,Active,70
FAC071,Ayushman Arogya Mandir Karandey,,HSC,Chewara,HWC,IN1010004175,25.020730,85.937480,ok,"https://www.google.com/maps/search/?api=1&query=25.02073,85.93748",No,9:00 AM - 5:00 PM,0,Community Health Officer (CHO) / ANM,,,"Primary Care, Tele-consultation (e-Sanjeevani), NCD Screening, Immunization, Free Medicines, Wellness Yoga","Chewara, Sheikhpura",,Active,71
FAC072,Ayushman Arogya Mandir Kurmuri,,HSC,Chewara,HWC,IN1010003785,24.997800,85.951930,ok,"https://www.google.com/maps/search/?api=1&query=24.9978,85.95193",No,9:00 AM - 5:00 PM,0,Community Health Officer (CHO) / ANM,,,"Primary Care, Tele-consultation (e-Sanjeevani), NCD Screening, Immunization, Free Medicines, Wellness Yoga","Chewara, Sheikhpura",,Active,72
FAC073,Ayushman Arogya Mandir RANKAR,,HSC,Chewara,UHWC,IN1010003286,25.090770,85.930210,ok,"https://www.google.com/maps/search/?api=1&query=25.09077,85.93021",No,9:00 AM - 5:00 PM,0,Community Health Officer (CHO) / ANM,,,"Primary Care, Tele-consultation (e-Sanjeevani), NCD Screening, Immunization, Free Medicines, Wellness Yoga","Chewara, Sheikhpura",,Active,73
FAC074,HWC Belchhi,,HSC,Chewara,HWC,IN1010003474,25.049000,85.855600,ok,"https://www.google.com/maps/search/?api=1&query=25.049,85.8556",No,9:00 AM - 5:00 PM,0,Community Health Officer (CHO) / ANM,,,"Primary Care, Tele-consultation (e-Sanjeevani), NCD Screening, Immunization, Free Medicines, Wellness Yoga","Chewara, Sheikhpura",,Active,74
FAC075,Ayushman Arogya Mandir Baughat,,HSC,Ghatkusumbha,HWC,IN1010002453,25.192910,85.964630,ok,"https://www.google.com/maps/search/?api=1&query=25.19291,85.96463",No,9:00 AM - 5:00 PM,0,Community Health Officer (CHO) / ANM,,,"Primary Care, Tele-consultation (e-Sanjeevani), NCD Screening, Immunization, Free Medicines, Wellness Yoga","Ghatkusumbha, Sheikhpura",,Active,75
FAC076,Ayushman Arogya Mandir GAGAUR,,HSC,Ghatkusumbha,HWC,IN1010002628,25.194000,85.923260,ok,"https://www.google.com/maps/search/?api=1&query=25.194,85.92326",No,9:00 AM - 5:00 PM,0,Community Health Officer (CHO) / ANM,,,"Primary Care, Tele-consultation (e-Sanjeevani), NCD Screening, Immunization, Free Medicines, Wellness Yoga","Ghatkusumbha, Sheikhpura",,Active,76
FAC077,Ayushman Arogya Mandir KOYLA,,HSC,Ghatkusumbha,HWC,IN1010003304,25.198150,85.953000,ok,"https://www.google.com/maps/search/?api=1&query=25.19815,85.953",No,9:00 AM - 5:00 PM,0,Community Health Officer (CHO) / ANM,,,"Primary Care, Tele-consultation (e-Sanjeevani), NCD Screening, Immunization, Free Medicines, Wellness Yoga","Ghatkusumbha, Sheikhpura",,Active,77
FAC078,Ayushman Arogya Mandir MAPHO,,HSC,Ghatkusumbha,HWC,IN1010003294,25.214610,85.851650,ok,"https://www.google.com/maps/search/?api=1&query=25.21461,85.85165",No,9:00 AM - 5:00 PM,0,Community Health Officer (CHO) / ANM,,,"Primary Care, Tele-consultation (e-Sanjeevani), NCD Screening, Immunization, Free Medicines, Wellness Yoga","Ghatkusumbha, Sheikhpura",,Active,78
FAC079,Ayushman Arogya Mandir Dihkusumbha,,HSC,Ghatkusumbha,HWC,IN1010002625,25.184680,85.919820,ok,"https://www.google.com/maps/search/?api=1&query=25.18468,85.91982",No,9:00 AM - 5:00 PM,0,Community Health Officer (CHO) / ANM,,,"Primary Care, Tele-consultation (e-Sanjeevani), NCD Screening, Immunization, Free Medicines, Wellness Yoga","Ghatkusumbha, Sheikhpura",,Active,79
FAC080,Ayushman Arogya Mandir Ghatkusumbha,,HSC,Ghatkusumbha,,IN1010002637,25.212550,85.930800,ok,"https://www.google.com/maps/search/?api=1&query=25.21255,85.9308",No,9:00 AM - 5:00 PM,0,Community Health Officer (CHO) / ANM,,,"Primary Care, Tele-consultation (e-Sanjeevani), NCD Screening, Immunization, Free Medicines, Wellness Yoga","Ghatkusumbha, Sheikhpura",,Active,80
FAC081,Ayushman Arogya Mandir KORMA,,HSC,Ghatkusumbha,HWC,IN1010002631,25.191600,85.879550,ok,"https://www.google.com/maps/search/?api=1&query=25.1916,85.87955",No,9:00 AM - 5:00 PM,0,Community Health Officer (CHO) / ANM,,,"Primary Care, Tele-consultation (e-Sanjeevani), NCD Screening, Immunization, Free Medicines, Wellness Yoga","Ghatkusumbha, Sheikhpura",,Active,81
FAC082,Ayushman Arogya Mandir PANAPUR,,HSC,Ghatkusumbha,HWC,IN1010002635,25.177290,85.979380,ok,"https://www.google.com/maps/search/?api=1&query=25.17729,85.97938",No,9:00 AM - 5:00 PM,0,Community Health Officer (CHO) / ANM,,,"Primary Care, Tele-consultation (e-Sanjeevani), NCD Screening, Immunization, Free Medicines, Wellness Yoga","Ghatkusumbha, Sheikhpura",,Active,82
FAC083,Ayushman Arogya Mandir Audhe,,HSC,Sheikhpura,HWC,IN1010001498,49.458740,4.878770,outside,"https://www.google.com/maps/search/?api=1&query=49.45874,4.87877",No,9:00 AM - 5:00 PM,0,Community Health Officer (CHO) / ANM,,,"Primary Care, Tele-consultation (e-Sanjeevani), NCD Screening, Immunization, Free Medicines, Wellness Yoga","Sheikhpura, Sheikhpura",,Active,83
FAC084,Ayushman Arogya Mandir Baadshahpur,,HSC,Sheikhpura,HWC,IN1010001915,25.178960,85.798040,ok,"https://www.google.com/maps/search/?api=1&query=25.17896,85.79804",No,9:00 AM - 5:00 PM,0,Community Health Officer (CHO) / ANM,,,"Primary Care, Tele-consultation (e-Sanjeevani), NCD Screening, Immunization, Free Medicines, Wellness Yoga","Sheikhpura, Sheikhpura",,Active,84
FAC085,Ayushman Arogya Mandir Bajitpur,,HSC,Sheikhpura,UHWC,IN1010001905,25.146010,85.819460,ok,"https://www.google.com/maps/search/?api=1&query=25.14601,85.81946",No,9:00 AM - 5:00 PM,0,Community Health Officer (CHO) / ANM,,,"Primary Care, Tele-consultation (e-Sanjeevani), NCD Screening, Immunization, Free Medicines, Wellness Yoga","Sheikhpura, Sheikhpura",,Active,85
FAC086,Ayushman Arogya Mandir Chitaura,,HSC,Sheikhpura,HWC,IN1010001635,25.183580,85.832040,ok,"https://www.google.com/maps/search/?api=1&query=25.18358,85.83204",No,9:00 AM - 5:00 PM,0,Community Health Officer (CHO) / ANM,,,"Primary Care, Tele-consultation (e-Sanjeevani), NCD Screening, Immunization, Free Medicines, Wellness Yoga","Sheikhpura, Sheikhpura",,Active,86
FAC087,Ayushman Arogya Mandir Deoley,,HSC,Sheikhpura,HWC,IN1010001748,46.917890,6.956040,outside,"https://www.google.com/maps/search/?api=1&query=46.91789,6.95604",No,9:00 AM - 5:00 PM,0,Community Health Officer (CHO) / ANM,,,"Primary Care, Tele-consultation (e-Sanjeevani), NCD Screening, Immunization, Free Medicines, Wellness Yoga","Sheikhpura, Sheikhpura",,Active,87
FAC088,Ayushman Arogya Mandir Dihri,,HSC,Sheikhpura,HWC,IN1010001623,25.151270,85.783490,ok,"https://www.google.com/maps/search/?api=1&query=25.15127,85.78349",No,9:00 AM - 5:00 PM,0,Community Health Officer (CHO) / ANM,,,"Primary Care, Tele-consultation (e-Sanjeevani), NCD Screening, Immunization, Free Medicines, Wellness Yoga","Sheikhpura, Sheikhpura",,Active,88
FAC089,Ayushman Arogya Mandir Gabbey,,HSC,Sheikhpura,HWC,IN1010001503,25.185980,85.808290,ok,"https://www.google.com/maps/search/?api=1&query=25.18598,85.80829",No,9:00 AM - 5:00 PM,0,Community Health Officer (CHO) / ANM,,,"Primary Care, Tele-consultation (e-Sanjeevani), NCD Screening, Immunization, Free Medicines, Wellness Yoga","Sheikhpura, Sheikhpura",,Active,89
FAC090,Ayushman Arogya Mandir Jiyanbigha,,HSC,Sheikhpura,HWC,IN1010001908,25.106190,85.727220,ok,"https://www.google.com/maps/search/?api=1&query=25.10619,85.72722",No,9:00 AM - 5:00 PM,0,Community Health Officer (CHO) / ANM,,,"Primary Care, Tele-consultation (e-Sanjeevani), NCD Screening, Immunization, Free Medicines, Wellness Yoga","Sheikhpura, Sheikhpura",,Active,90
FAC091,Ayushman Arogya Mandir Kaarey,,HSC,Sheikhpura,HWC,IN1010001601,27.179780,88.479580,outside,"https://www.google.com/maps/search/?api=1&query=27.17978,88.47958",No,9:00 AM - 5:00 PM,0,Community Health Officer (CHO) / ANM,,,"Primary Care, Tele-consultation (e-Sanjeevani), NCD Screening, Immunization, Free Medicines, Wellness Yoga","Sheikhpura, Sheikhpura",,Active,91
FAC092,Ayushman Arogya Mandir Kaithwan,,HSC,Sheikhpura,HWC,IN1010002187,25.129690,85.934720,ok,"https://www.google.com/maps/search/?api=1&query=25.12969,85.93472",No,9:00 AM - 5:00 PM,0,Community Health Officer (CHO) / ANM,,,"Primary Care, Tele-consultation (e-Sanjeevani), NCD Screening, Immunization, Free Medicines, Wellness Yoga","Sheikhpura, Sheikhpura",,Active,92
FAC093,Ayushman Arogya Mandir Kamta,,HSC,Sheikhpura,HWC,IN1010002425,25.144740,85.812350,ok,"https://www.google.com/maps/search/?api=1&query=25.14474,85.81235",No,9:00 AM - 5:00 PM,0,Community Health Officer (CHO) / ANM,,,"Primary Care, Tele-consultation (e-Sanjeevani), NCD Screening, Immunization, Free Medicines, Wellness Yoga","Sheikhpura, Sheikhpura",,Active,93
FAC094,Ayushman Arogya Mandir Kurauni,,HSC,Sheikhpura,HWC,IN1010002424,25.194020,85.858090,ok,"https://www.google.com/maps/search/?api=1&query=25.19402,85.85809",No,9:00 AM - 5:00 PM,0,Community Health Officer (CHO) / ANM,,,"Primary Care, Tele-consultation (e-Sanjeevani), NCD Screening, Immunization, Free Medicines, Wellness Yoga","Sheikhpura, Sheikhpura",,Active,94
FAC095,Ayushman Arogya Mandir Kusumbha,,HSC,Sheikhpura,HWC,IN1010001764,25.104450,85.772220,ok,"https://www.google.com/maps/search/?api=1&query=25.10445,85.77222",No,9:00 AM - 5:00 PM,0,Community Health Officer (CHO) / ANM,,,"Primary Care, Tele-consultation (e-Sanjeevani), NCD Screening, Immunization, Free Medicines, Wellness Yoga","Sheikhpura, Sheikhpura",,Active,95
FAC096,Ayushman Arogya Mandir Lodipur,,HSC,Sheikhpura,HWC,IN1010001508,25.123110,85.769570,ok,"https://www.google.com/maps/search/?api=1&query=25.12311,85.76957",No,9:00 AM - 5:00 PM,0,Community Health Officer (CHO) / ANM,,,"Primary Care, Tele-consultation (e-Sanjeevani), NCD Screening, Immunization, Free Medicines, Wellness Yoga","Sheikhpura, Sheikhpura",,Active,96
FAC097,Ayushman Arogya Mandir Matokhar,,HSC,Sheikhpura,UHWC,IN1010001928,25.315010,83.093160,outside,"https://www.google.com/maps/search/?api=1&query=25.31501,83.09316",No,9:00 AM - 5:00 PM,0,Community Health Officer (CHO) / ANM,,,"Primary Care, Tele-consultation (e-Sanjeevani), NCD Screening, Immunization, Free Medicines, Wellness Yoga","Sheikhpura, Sheikhpura",,Active,97
FAC098,Ayushman Arogya Mandir Murarpur,,HSC,Sheikhpura,HWC,IN1010001740,25.168110,85.843220,ok,"https://www.google.com/maps/search/?api=1&query=25.16811,85.84322",No,9:00 AM - 5:00 PM,0,Community Health Officer (CHO) / ANM,,,"Primary Care, Tele-consultation (e-Sanjeevani), NCD Screening, Immunization, Free Medicines, Wellness Yoga","Sheikhpura, Sheikhpura",,Active,98
FAC099,Ayushman Arogya Mandir Pachna,,HSC,Sheikhpura,UHWC,IN1010001496,25.150980,85.911580,ok,"https://www.google.com/maps/search/?api=1&query=25.15098,85.91158",No,9:00 AM - 5:00 PM,0,Community Health Officer (CHO) / ANM,,,"Primary Care, Tele-consultation (e-Sanjeevani), NCD Screening, Immunization, Free Medicines, Wellness Yoga","Sheikhpura, Sheikhpura",,Active,99
FAC100,Ayushman Arogya Mandir Purankama,,HSC,Sheikhpura,UHWC,IN1010001500,25.155680,85.819250,ok,"https://www.google.com/maps/search/?api=1&query=25.15568,85.81925",No,9:00 AM - 5:00 PM,0,Community Health Officer (CHO) / ANM,,,"Primary Care, Tele-consultation (e-Sanjeevani), NCD Screening, Immunization, Free Medicines, Wellness Yoga","Sheikhpura, Sheikhpura",,Active,100
FAC101,Ayushman Arogya Mandir Rajopur,,HSC,Sheikhpura,HWC,IN1010001728,25.179880,85.771180,ok,"https://www.google.com/maps/search/?api=1&query=25.17988,85.77118",No,9:00 AM - 5:00 PM,0,Community Health Officer (CHO) / ANM,,,"Primary Care, Tele-consultation (e-Sanjeevani), NCD Screening, Immunization, Free Medicines, Wellness Yoga","Sheikhpura, Sheikhpura",,Active,101
FAC102,Ayushman Arogya Mandir Ramnubigha,,HSC,Sheikhpura,HWC,IN1010001661,25.208900,85.850920,ok,"https://www.google.com/maps/search/?api=1&query=25.2089,85.85092",No,9:00 AM - 5:00 PM,0,Community Health Officer (CHO) / ANM,,,"Primary Care, Tele-consultation (e-Sanjeevani), NCD Screening, Immunization, Free Medicines, Wellness Yoga","Sheikhpura, Sheikhpura",,Active,102
FAC103,Ayushman Arogya Mandir Rasalpur,,HSC,Sheikhpura,HWC,IN1010001504,25.181160,85.828820,ok,"https://www.google.com/maps/search/?api=1&query=25.18116,85.82882",No,9:00 AM - 5:00 PM,0,Community Health Officer (CHO) / ANM,,,"Primary Care, Tele-consultation (e-Sanjeevani), NCD Screening, Immunization, Free Medicines, Wellness Yoga","Sheikhpura, Sheikhpura",,Active,103
FAC104,Ayushman Arogya Mandir Sirari,,HSC,Sheikhpura,HWC,IN1010000643,25.133770,85.952870,ok,"https://www.google.com/maps/search/?api=1&query=25.13377,85.95287",No,9:00 AM - 5:00 PM,0,Community Health Officer (CHO) / ANM,,,"Primary Care, Tele-consultation (e-Sanjeevani), NCD Screening, Immunization, Free Medicines, Wellness Yoga","Sheikhpura, Sheikhpura",,Active,104
FAC105,Ayushman Arogya Mandir Sultanpur,,HSC,Sheikhpura,HWC,IN1010001489,25.110690,85.945450,ok,"https://www.google.com/maps/search/?api=1&query=25.11069,85.94545",No,9:00 AM - 5:00 PM,0,Community Health Officer (CHO) / ANM,,,"Primary Care, Tele-consultation (e-Sanjeevani), NCD Screening, Immunization, Free Medicines, Wellness Yoga","Sheikhpura, Sheikhpura",,Active,105
FAC106,Ayushman Arogya Mandir Baank,,HSC,Sheikhpura,HWC,IN1010001770,25.109060,85.747940,ok,"https://www.google.com/maps/search/?api=1&query=25.10906,85.74794",No,9:00 AM - 5:00 PM,0,Community Health Officer (CHO) / ANM,,,"Primary Care, Tele-consultation (e-Sanjeevani), NCD Screening, Immunization, Free Medicines, Wellness Yoga","Sheikhpura, Sheikhpura",,Active,106
FAC107,Ayushman Arogya Mandir Hasaurhi,,HSC,Sheikhpura,,IN1010002421,25.095900,85.945580,ok,"https://www.google.com/maps/search/?api=1&query=25.0959,85.94558",No,9:00 AM - 5:00 PM,0,Community Health Officer (CHO) / ANM,,,"Primary Care, Tele-consultation (e-Sanjeevani), NCD Screening, Immunization, Free Medicines, Wellness Yoga","Sheikhpura, Sheikhpura",,Active,107
FAC108,Ayushman Arogya Mandir Lodipur Gabbey,,HSC,Sheikhpura,,IN1010001924,21.216940,79.185100,outside,"https://www.google.com/maps/search/?api=1&query=21.21694,79.1851",No,9:00 AM - 5:00 PM,0,Community Health Officer (CHO) / ANM,,,"Primary Care, Tele-consultation (e-Sanjeevani), NCD Screening, Immunization, Free Medicines, Wellness Yoga","Sheikhpura, Sheikhpura",,Active,108
FAC109,Ayushman Arogya Mandir Mahsar,,HSC,Sheikhpura,HWC,IN1010001911,25.829490,86.056620,outside,"https://www.google.com/maps/search/?api=1&query=25.82949,86.05662",No,9:00 AM - 5:00 PM,0,Community Health Officer (CHO) / ANM,,,"Primary Care, Tele-consultation (e-Sanjeevani), NCD Screening, Immunization, Free Medicines, Wellness Yoga","Sheikhpura, Sheikhpura",,Active,109
FAC110,Ayushman Arogya Mandir Puraina,,HSC,Sheikhpura,HWC,IN1010001715,25.177160,85.900990,ok,"https://www.google.com/maps/search/?api=1&query=25.17716,85.90099",No,9:00 AM - 5:00 PM,0,Community Health Officer (CHO) / ANM,,,"Primary Care, Tele-consultation (e-Sanjeevani), NCD Screening, Immunization, Free Medicines, Wellness Yoga","Sheikhpura, Sheikhpura",,Active,110
FAC111,Government Engineering College,,HSC,Sheikhpura,UHWC,IN1010020683,,,missing,,No,9:00 AM - 5:00 PM,0,Community Health Officer (CHO) / ANM,,,"Primary Care, Tele-consultation (e-Sanjeevani), NCD Screening, Immunization, Free Medicines, Wellness Yoga","Sheikhpura, Sheikhpura",,Active,111
FAC112,HWC Abgil,,HSC,Sheikhpura,HWC,IN1010001927,25.164520,85.874170,ok,"https://www.google.com/maps/search/?api=1&query=25.16452,85.87417",No,9:00 AM - 5:00 PM,0,Community Health Officer (CHO) / ANM,,,"Primary Care, Tele-consultation (e-Sanjeevani), NCD Screening, Immunization, Free Medicines, Wellness Yoga","Sheikhpura, Sheikhpura",,Active,112
FAC113,Ayushman Arogya Mandir AMBARI,,HSC,Shekhopur Sarai,HWC,IN1010004509,25.141070,85.697530,ok,"https://www.google.com/maps/search/?api=1&query=25.14107,85.69753",No,9:00 AM - 5:00 PM,0,Community Health Officer (CHO) / ANM,,,"Primary Care, Tele-consultation (e-Sanjeevani), NCD Screening, Immunization, Free Medicines, Wellness Yoga","Shekhopur Sarai, Sheikhpura",,Active,113
FAC114,Ayushman Arogya Mandir Asthanna,,HSC,Shekhopur Sarai,,IN1010007158,25.154560,85.698680,ok,"https://www.google.com/maps/search/?api=1&query=25.15456,85.69868",No,9:00 AM - 5:00 PM,0,Community Health Officer (CHO) / ANM,,,"Primary Care, Tele-consultation (e-Sanjeevani), NCD Screening, Immunization, Free Medicines, Wellness Yoga","Shekhopur Sarai, Sheikhpura",,Active,114
FAC115,Ayushman Arogya Mandir Belaw,,HSC,Shekhopur Sarai,HWC,IN1010011693,25.085890,85.441380,outside,"https://www.google.com/maps/search/?api=1&query=25.08589,85.44138",No,9:00 AM - 5:00 PM,0,Community Health Officer (CHO) / ANM,,,"Primary Care, Tele-consultation (e-Sanjeevani), NCD Screening, Immunization, Free Medicines, Wellness Yoga","Shekhopur Sarai, Sheikhpura",,Active,115
FAC116,Ayushman Arogya Mandir Charuawan,,HSC,Shekhopur Sarai,UHWC,IN1010016997,25.075017,85.410091,outside,"https://www.google.com/maps/search/?api=1&query=25.0750167,85.4100906",No,9:00 AM - 5:00 PM,0,Community Health Officer (CHO) / ANM,,,"Primary Care, Tele-consultation (e-Sanjeevani), NCD Screening, Immunization, Free Medicines, Wellness Yoga","Shekhopur Sarai, Sheikhpura",,Active,116
FAC117,Ayushman Arogya Mandir Chhema,,HSC,Shekhopur Sarai,HWC,IN1010011684,25.075930,85.431220,outside,"https://www.google.com/maps/search/?api=1&query=25.07593,85.43122",No,9:00 AM - 5:00 PM,0,Community Health Officer (CHO) / ANM,,,"Primary Care, Tele-consultation (e-Sanjeevani), NCD Screening, Immunization, Free Medicines, Wellness Yoga","Shekhopur Sarai, Sheikhpura",,Active,117
FAC118,Ayushman Arogya Mandir Kabirpur,,HSC,Shekhopur Sarai,,IN1010011681,25.128960,85.698140,ok,"https://www.google.com/maps/search/?api=1&query=25.12896,85.69814",No,9:00 AM - 5:00 PM,0,Community Health Officer (CHO) / ANM,,,"Primary Care, Tele-consultation (e-Sanjeevani), NCD Screening, Immunization, Free Medicines, Wellness Yoga","Shekhopur Sarai, Sheikhpura",,Active,118
FAC119,Ayushman Arogya Mandir Kewalbigha,,HSC,Shekhopur Sarai,,IN1010011690,25.084410,85.443330,outside,"https://www.google.com/maps/search/?api=1&query=25.08441,85.44333",No,9:00 AM - 5:00 PM,0,Community Health Officer (CHO) / ANM,,,"Primary Care, Tele-consultation (e-Sanjeevani), NCD Screening, Immunization, Free Medicines, Wellness Yoga","Shekhopur Sarai, Sheikhpura",,Active,119
FAC120,Ayushman Arogya Mandir Khuriya,,HSC,Shekhopur Sarai,HWC,IN1010004510,25.064130,85.393350,outside,"https://www.google.com/maps/search/?api=1&query=25.06413,85.39335",No,9:00 AM - 5:00 PM,0,Community Health Officer (CHO) / ANM,,,"Primary Care, Tele-consultation (e-Sanjeevani), NCD Screening, Immunization, Free Medicines, Wellness Yoga","Shekhopur Sarai, Sheikhpura",,Active,120
FAC121,Ayushman Arogya Mandir Mohabbatpur,,HSC,Shekhopur Sarai,HWC,IN1010007160,25.112700,85.648050,ok,"https://www.google.com/maps/search/?api=1&query=25.1127,85.64805",No,9:00 AM - 5:00 PM,0,Community Health Officer (CHO) / ANM,,,"Primary Care, Tele-consultation (e-Sanjeevani), NCD Screening, Immunization, Free Medicines, Wellness Yoga","Shekhopur Sarai, Sheikhpura",,Active,121
FAC122,Ayushman Arogya Mandir Nimi,,HSC,Shekhopur Sarai,UHWC,IN1010004511,25.115790,85.703800,ok,"https://www.google.com/maps/search/?api=1&query=25.11579,85.7038",No,9:00 AM - 5:00 PM,0,Community Health Officer (CHO) / ANM,,,"Primary Care, Tele-consultation (e-Sanjeevani), NCD Screening, Immunization, Free Medicines, Wellness Yoga","Shekhopur Sarai, Sheikhpura",,Active,122
FAC123,Ayushman Arogya Mandir Onama,,HSC,Shekhopur Sarai,HWC,IN1010006234,25.093630,85.431190,outside,"https://www.google.com/maps/search/?api=1&query=25.09363,85.43119",No,9:00 AM - 5:00 PM,0,Community Health Officer (CHO) / ANM,,,"Primary Care, Tele-consultation (e-Sanjeevani), NCD Screening, Immunization, Free Medicines, Wellness Yoga","Shekhopur Sarai, Sheikhpura",,Active,123
FAC124,Ayushman Arogya Mandir Panchi,,HSC,Shekhopur Sarai,,IN1010011677,25.210660,85.754830,ok,"https://www.google.com/maps/search/?api=1&query=25.21066,85.75483",No,9:00 AM - 5:00 PM,0,Community Health Officer (CHO) / ANM,,,"Primary Care, Tele-consultation (e-Sanjeevani), NCD Screening, Immunization, Free Medicines, Wellness Yoga","Shekhopur Sarai, Sheikhpura",,Active,124
FAC125,Ayushman Arogya Mandir Panhesha,,HSC,Shekhopur Sarai,HWC,IN1010011675,25.112830,85.670970,ok,"https://www.google.com/maps/search/?api=1&query=25.11283,85.67097",No,9:00 AM - 5:00 PM,0,Community Health Officer (CHO) / ANM,,,"Primary Care, Tele-consultation (e-Sanjeevani), NCD Screening, Immunization, Free Medicines, Wellness Yoga","Shekhopur Sarai, Sheikhpura",,Active,125
FAC126,Ayushman Arogya Mandir Shekhopursarai,,HSC,Shekhopur Sarai,,IN1010004277,25.070210,85.412540,outside,"https://www.google.com/maps/search/?api=1&query=25.07021,85.41254",No,9:00 AM - 5:00 PM,0,Community Health Officer (CHO) / ANM,,,"Primary Care, Tele-consultation (e-Sanjeevani), NCD Screening, Immunization, Free Medicines, Wellness Yoga","Shekhopur Sarai, Sheikhpura",,Active,126
FAC127,Ayushman Arogya Mandir Pahadiya,,HSC,Shekhopur Sarai,UHWC,IN1010004265,25.054630,85.413770,outside,"https://www.google.com/maps/search/?api=1&query=25.05463,85.41377",No,9:00 AM - 5:00 PM,0,Community Health Officer (CHO) / ANM,,,"Primary Care, Tele-consultation (e-Sanjeevani), NCD Screening, Immunization, Free Medicines, Wellness Yoga","Shekhopur Sarai, Sheikhpura",,Active,127
